{"count":1,"self":71.8767488,"total":97.5517105,"children":{"InitializeActuators":{"count":1,"self":0.00099969999999999985,"total":0.00099969999999999985,"children":null},"InitializeSensors":{"count":1,"self":0.0010003,"total":0.0010003,"children":null},"AgentSendState":{"count":66467,"self":0.0870112,"total":0.1554862,"children":{"CollectObservations":{"count":3324,"self":0.0075993,"total":0.0075993,"children":null},"WriteActionMask":{"count":3324,"self":0.0025905999999999998,"total":0.0025905999999999998,"children":null},"RequestDecision":{"count":3324,"self":0.015348899999999999,"total":0.0582851,"children":{"AgentInfo.ToProto":{"count":3324,"self":0.0130596,"total":0.0429362,"children":{"GenerateSensorData":{"count":3324,"self":0.0298766,"total":0.0298766,"children":null}}}}}}},"DecideAction":{"count":66467,"self":25.440425599999998,"total":25.4404248,"children":null},"AgentAct":{"count":66467,"self":0.0735078,"total":0.0735078,"children":null},"AgentInfo.ToProto":{"count":568,"self":0.00019779999999999998,"total":0.0035424,"children":{"GenerateSensorData":{"count":568,"self":0.0033445999999999997,"total":0.0033445999999999997,"children":null}}}},"gauges":{"CharacterAI.CumulativeReward":{"count":568,"max":-4.59999943,"min":-12.60003,"runningAverage":-5.89797926,"value":-7.100009,"weightedAverage":-5.977984}},"metadata":{"timer_format_version":"0.1.0","start_time_seconds":"1685444718","unity_version":"2021.3.16f1","command_line_arguments":"C:\\Program Files\\Unity\\Hub\\Editor\\2021.3.16f1\\Editor\\Unity.exe -projectpath C:\\Users\\Esilff\\Documents\\Git\\ESGI-PA-Beta\\src\\ESGI-PA -useHub -hubIPC -cloudEnvironment production -licensingIpc LicenseClient-Esilff -hubSessionId d366b190-fe68-11ed-b948-7db7243e2468 -accessToken K8iAiYXDPcwh7kLHya20c4q7wLQoJy5l6A88pxi1Mxw008f","communication_protocol_version":"1.5.0","com.unity.ml-agents_version":"2.0.1","scene_name":"Circuit","end_time_seconds":"1685444816"}}