{"count":1,"self":68.3632512,"total":109.42975679999999,"children":{"InitializeActuators":{"count":1,"self":0.0019982999999999997,"total":0.0019982999999999997,"children":null},"InitializeSensors":{"count":1,"self":0.0009998,"total":0.0009998,"children":null},"AgentSendState":{"count":136784,"self":0.2230749,"total":0.35844329999999996,"children":{"CollectObservations":{"count":6840,"self":0.013080699999999999,"total":0.013080699999999999,"children":null},"WriteActionMask":{"count":6840,"self":0.0083271,"total":0.0083271,"children":null},"RequestDecision":{"count":6840,"self":0.0373184,"total":0.1139606,"children":{"AgentInfo.ToProto":{"count":6840,"self":0.028511599999999998,"total":0.0766422,"children":{"GenerateSensorData":{"count":6840,"self":0.048130599999999996,"total":0.048130599999999996,"children":null}}}}}}},"DecideAction":{"count":136784,"self":40.5277696,"total":40.5277684,"children":null},"AgentAct":{"count":136784,"self":0.17579889999999998,"total":0.17579889999999998,"children":null},"AgentInfo.ToProto":{"count":233,"self":0.0004996,"total":0.0014994,"children":{"GenerateSensorData":{"count":233,"self":0.0009998,"total":0.0009998,"children":null}}}},"gauges":{"CharacterAI.CumulativeReward":{"count":233,"max":-4.64999962,"min":-50.94951,"runningAverage":-29.2837143,"value":-50.4495163,"weightedAverage":-50.05386}},"metadata":{"timer_format_version":"0.1.0","start_time_seconds":"1685544303","unity_version":"2021.3.16f1","command_line_arguments":"C:\\Program Files\\Unity\\Hub\\Editor\\2021.3.16f1\\Editor\\Unity.exe -projectpath C:\\Users\\Esilff\\Documents\\Git\\ESGI-PA-Beta\\src\\ESGI-PA -useHub -hubIPC -cloudEnvironment production -licensingIpc LicenseClient-Esilff -hubSessionId 4821b5e0-ffac-11ed-b58a-453df38db184 -accessToken dd5M_0frlwPGMtkauJslT43oKKF_kg7kh0lCOrQU_NI008f","communication_protocol_version":"1.5.0","com.unity.ml-agents_version":"2.0.1","scene_name":"Circuit","end_time_seconds":"1685544413"}}