{
    "name": "root",
    "metadata": {
        "timer_format_version": "0.1.0",
        "start_time_seconds": "1685444712",
        "python_version": "3.8.10 (tags/v3.8.10:3d8993a, May  3 2021, 11:48:03) [MSC v.1928 64 bit (AMD64)]",
        "command_line_arguments": "C:\\Users\\Esilff\\Documents\\Git\\ESGI-PA-Beta\\venv\\Scripts\\mlagents-learn --force",
        "mlagents_version": "0.29.0",
        "mlagents_envs_version": "0.29.0",
        "communication_protocol_version": "1.5.0",
        "pytorch_version": "1.7.0+cu110",
        "numpy_version": "1.21.1",
        "end_time_seconds": "1685444877"
    },
    "total": 165.06027500000002,
    "count": 1,
    "self": 0.004152100000027303,
    "children": {
        "run_training.setup": {
            "total": 0.02361269999999993,
            "count": 1,
            "self": 0.02361269999999993
        },
        "TrainerController.start_learning": {
            "total": 165.0325102,
            "count": 1,
            "self": 0.06571329999991349,
            "children": {
                "TrainerController._reset_env": {
                    "total": 7.8780768,
                    "count": 1,
                    "self": 7.8780768
                },
                "TrainerController.advance": {
                    "total": 157.00986410000007,
                    "count": 3858,
                    "self": 0.0540717999999174,
                    "children": {
                        "env_step": {
                            "total": 154.98016000000013,
                            "count": 3858,
                            "self": 141.04994210000015,
                            "children": {
                                "SubprocessEnvManager._take_step": {
                                    "total": 13.890610599999807,
                                    "count": 3858,
                                    "self": 0.1712232999994061,
                                    "children": {
                                        "TorchPolicy.evaluate": {
                                            "total": 13.7193873000004,
                                            "count": 3323,
                                            "self": 5.24039930000049,
                                            "children": {
                                                "TorchPolicy.sample_actions": {
                                                    "total": 8.47898799999991,
                                                    "count": 3323,
                                                    "self": 8.47898799999991
                                                }
                                            }
                                        }
                                    }
                                },
                                "workers": {
                                    "total": 0.03960730000015822,
                                    "count": 3857,
                                    "self": 0.0,
                                    "children": {
                                        "worker_root": {
                                            "total": 96.99740049999974,
                                            "count": 3857,
                                            "is_parallel": true,
                                            "self": 20.014742499999812,
                                            "children": {
                                                "steps_from_proto": {
                                                    "total": 0.0004926000000002873,
                                                    "count": 1,
                                                    "is_parallel": true,
                                                    "self": 0.00023750000000077875,
                                                    "children": {
                                                        "_process_rank_one_or_two_observation": {
                                                            "total": 0.0002550999999995085,
                                                            "count": 2,
                                                            "is_parallel": true,
                                                            "self": 0.0002550999999995085
                                                        }
                                                    }
                                                },
                                                "UnityEnvironment.step": {
                                                    "total": 76.98216539999993,
                                                    "count": 3857,
                                                    "is_parallel": true,
                                                    "self": 0.2746990999994807,
                                                    "children": {
                                                        "UnityEnvironment._generate_step_input": {
                                                            "total": 0.22258559999985117,
                                                            "count": 3857,
                                                            "is_parallel": true,
                                                            "self": 0.22258559999985117
                                                        },
                                                        "communicator.exchange": {
                                                            "total": 75.62450110000032,
                                                            "count": 3857,
                                                            "is_parallel": true,
                                                            "self": 75.62450110000032
                                                        },
                                                        "steps_from_proto": {
                                                            "total": 0.8603796000002912,
                                                            "count": 3857,
                                                            "is_parallel": true,
                                                            "self": 0.4964142000008831,
                                                            "children": {
                                                                "_process_rank_one_or_two_observation": {
                                                                    "total": 0.36396539999940813,
                                                                    "count": 7714,
                                                                    "is_parallel": true,
                                                                    "self": 0.36396539999940813
                                                                }
                                                            }
                                                        }
                                                    }
                                                }
                                            }
                                        }
                                    }
                                }
                            }
                        },
                        "trainer_advance": {
                            "total": 1.9756323000000187,
                            "count": 3857,
                            "self": 0.07817839999972698,
                            "children": {
                                "process_trajectory": {
                                    "total": 1.8974539000002917,
                                    "count": 3857,
                                    "self": 1.8974539000002917
                                }
                            }
                        }
                    }
                },