{
    "name": "root",
    "gauges": {
        "CharacterAI.Policy.Entropy.mean": {
            "value": -2.384166037927571e-07,
            "min": -2.384166037927571e-07,
            "max": 0.2626504898071289,
            "count": 6
        },
        "CharacterAI.Policy.Entropy.sum": {
            "value": -0.00023841660004109144,
            "min": -0.00023841660004109144,
            "max": 263.3317565917969,
            "count": 6
        },
        "CharacterAI.Environment.EpisodeLength.mean": {
            "value": 4.0,
            "min": 3.995,
            "max": 4.143589743589744,
            "count": 6
        },
        "CharacterAI.Environment.EpisodeLength.sum": {
            "value": 800.0,
            "min": 799.0,
            "max": 808.0,
            "count": 6
        },
        "CharacterAI.Step.mean": {
            "value": 5998.0,
            "min": 998.0,
            "max": 5998.0,
            "count": 6
        },
        "CharacterAI.Step.sum": {
            "value": 5998.0,
            "min": 998.0,
            "max": 5998.0,
            "count": 6
        },
        "CharacterAI.Policy.ExtrinsicValueEstimate.mean": {
            "value": -3.5238218307495117,
            "min": -92.88540649414062,
            "max": -3.5238218307495117,
            "count": 6
        },
        "CharacterAI.Policy.ExtrinsicValueEstimate.sum": {
            "value": -704.7643432617188,
            "min": -18205.5390625,
            "max": -704.7643432617188,
            "count": 6
        },
        "CharacterAI.Environment.CumulativeReward.mean": {
            "value": -4.5985005402565005,
            "min": -4.738144885633409,
            "max": -4.587750535011292,
            "count": 6
        },
        "CharacterAI.Environment.CumulativeReward.sum": {
            "value": -919.7001080513,
            "min": -922.700110912323,
            "max": -917.5501070022583,
            "count": 6
        },
        "CharacterAI.Policy.ExtrinsicReward.mean": {
            "value": -4.5985005402565005,
            "min": -4.738144885633409,
            "max": -4.587750535011292,
            "count": 6
        },
        "CharacterAI.Policy.ExtrinsicReward.sum": {
            "value": -919.7001080513,
            "min": -922.700110912323,
            "max": -917.5501070022583,
            "count": 6
        },
        "CharacterAI.IsTraining.mean": {
            "value": 1.0,
            "min": 1.0,
            "max": 1.0,
            "count": 6
        },
        "CharacterAI.IsTraining.sum": {
            "value": 1.0,
            "min": 1.0,
            "max": 1.0,
            "count": 6
        },
        "CharacterAI.Losses.PolicyLoss.mean": {
            "value": 0.07100931355186428,
            "min": 0.0706144468470787,
            "max": 0.07100931355186428,
            "count": 2
        },
        "CharacterAI.Losses.PolicyLoss.sum": {
            "value": 0.07100931355186428,
            "min": 0.0706144468470787,
            "max": 0.07100931355186428,
            "count": 2
        },
        "CharacterAI.Losses.ValueLoss.mean": {
            "value": 11.23485472239554,
            "min": 11.23485472239554,
            "max": 490.3107381661733,
            "count": 2
        },
        "CharacterAI.Losses.ValueLoss.sum": {
            "value": 11.23485472239554,
            "min": 11.23485472239554,
            "max": 490.3107381661733,
            "count": 2
        },
        "CharacterAI.Policy.LearningRate.mean": {
            "value": 0.0002987706004097999,
            "min": 0.0002987706004097999,
            "max": 0.00029938530020490005,
            "count": 2
        },
        "CharacterAI.Policy.LearningRate.sum": {
            "value": 0.0002987706004097999,
            "min": 0.0002987706004097999,
            "max": 0.00029938530020490005,
            "count": 2
        },
        "CharacterAI.Policy.Epsilon.mean": {
            "value": 0.19959020000000002,
            "min": 0.19959020000000002,
            "max": 0.1997951,
            "count": 2
        },
        "CharacterAI.Policy.Epsilon.sum": {
            "value": 0.19959020000000002,
            "min": 0.19959020000000002,
            "max": 0.1997951,
            "count": 2
        },
        "CharacterAI.Policy.Beta.mean": {
            "value": 0.009959060980000002,
            "min": 0.009959060980000002,
            "max": 0.009979530490000001,
            "count": 2
        },
        "CharacterAI.Policy.Beta.sum": {
            "value": 0.009959060980000002,
            "min": 0.009959060980000002,
            "max": 0.009979530490000001,
            "count": 2
        }
    },
    "metadata": {
        "timer_format_version": "0.1.0",
        "start_time_seconds": "1685544171",
        "python_version": "3.8.10 (tags/v3.8.10:3d8993a, May  3 2021, 11:48:03) [MSC v.1928 64 bit (AMD64)]",
        "command_line_arguments": "C:\\Users\\Esilff\\Documents\\Git\\ESGI-PA-Beta\\venv\\Scripts\\mlagents-learn ./src/ESGI-PA/Assets/ML-Agents/Config/character_config.yaml --force",
        "mlagents_version": "0.29.0",
        "mlagents_envs_version": "0.29.0",
        "communication_protocol_version": "1.5.0",
        "pytorch_version": "1.7.0+cu110",
        "numpy_version": "1.21.1",
        "end_time_seconds": "1685544296"
    },
    "total": 124.6279112,
    "count": 1,
    "self": 0.003821099999996136,
    "children": {
        "run_training.setup": {
            "total": 0.07044099999999998,
            "count": 1,
            "self": 0.07044099999999998
        },
        "TrainerController.start_learning": {
            "total": 124.5536491,
            "count": 1,
            "self": 0.19745029999977248,
            "children": {
                "TrainerController._reset_env": {
                    "total": 6.2033603,
                    "count": 1,
                    "self": 6.2033603
                },
                "TrainerController.advance": {
                    "total": 118.06484620000022,
                    "count": 7992,
                    "self": 0.07889470000060328,
                    "children": {
                        "env_step": {
                            "total": 117.98595149999962,
                            "count": 7992,
                            "self": 95.04071069999945,
                            "children": {
                                "SubprocessEnvManager._take_step": {
                                    "total": 22.85696290000037,
                                    "count": 7992,
                                    "self": 0.32301970000034785,
                                    "children": {
                                        "TorchPolicy.evaluate": {
                                            "total": 22.53394320000002,
                                            "count": 6690,
                                            "self": 7.891535699999794,
                                            "children": {
                                                "TorchPolicy.sample_actions": {
                                                    "total": 14.642407500000227,
                                                    "count": 6690,
                                                    "self": 14.642407500000227
                                                }
                                            }
                                        }
                                    }
                                },
                                "workers": {
                                    "total": 0.08827789999979707,
                                    "count": 7991,
                                    "self": 0.0,
                                    "children": {
                                        "worker_root": {
                                            "total": 108.3397791000005,
                                            "count": 7991,